<?xml version = '1.0' encoding = 'UTF-8'?>
<Relation class="oracle.dbtools.crest.model.design.logical.Relation" name="Relation_4" directorySegmentName="seg_0" id="0046D36F-4D53-245B-C87A-62379C6D33A3">
<createdBy>wdiazc</createdBy>
<createdTime>2025-09-01 19:10:19 UTC</createdTime>
<ownerDesignName>Exp1_S3_WilangelyDiaz</ownerDesignName>
<engineerTo>
<item key="F7DFB0AA-4A2E-0BD7-8345-16ECE9A2BF9B" value="true"/>
</engineerTo>
<sourceTransferable>false</sourceTransferable>
<targetTransferable>false</targetTransferable>
<sourcePk>231B8CF4-3DDB-DC07-EB06-4CCB7BA3D145</sourcePk>
<identifying>false</identifying>
<optionalSource>false</optionalSource>
<optionalTarget>false</optionalTarget>
<sourceCardinality>1</sourceCardinality>
<sourceEntity>B82EECE3-7630-886D-7B6B-7E659192DC18</sourceEntity>
<targetCardinalityString>*</targetCardinalityString>
<targetEntity>9FE2A890-3350-CE05-A31F-FD89EB828F75</targetEntity>
<transferable>true</transferable>
<deleteRule>NO ACTION</deleteRule>
</Relation>