<?xml version = '1.0' encoding = 'UTF-8'?>
<Relation class="oracle.dbtools.crest.model.design.logical.Relation" name="Relation_1" directorySegmentName="seg_0" id="34EFFBFA-BD82-5946-718F-B4B7AA3494C7">
<createdBy>wdiazc</createdBy>
<createdTime>2025-09-01 19:01:39 UTC</createdTime>
<ownerDesignName>Exp1_S3_WilangelyDiaz</ownerDesignName>
<engineerTo>
<item key="F7DFB0AA-4A2E-0BD7-8345-16ECE9A2BF9B" value="true"/>
</engineerTo>
<targetTransferable>false</targetTransferable>
<sourcePk>49CE0D4C-142B-E5E3-6A0B-6034B9DB42C4</sourcePk>
<identifying>false</identifying>
<optionalSource>false</optionalSource>
<optionalTarget>false</optionalTarget>
<sourceCardinality>1</sourceCardinality>
<sourceEntity>465DA0C9-3E83-A9E0-1DCC-E53DAD9DD741</sourceEntity>
<targetCardinalityString>*</targetCardinalityString>
<targetEntity>DBDEF6B3-E46B-1E85-95F0-8CCD8BA2931F</targetEntity>
<transferable>true</transferable>
<deleteRule>NO ACTION</deleteRule>
</Relation>