<?xml version = '1.0' encoding = 'UTF-8'?>
<Relation class="oracle.dbtools.crest.model.design.logical.Relation" name="Relation_9" directorySegmentName="seg_0" id="60E54273-B1C5-BD3F-DAA3-15F23F772321">
<createdBy>wdiazc</createdBy>
<createdTime>2025-09-01 19:43:15 UTC</createdTime>
<ownerDesignName>Exp1_S3_WilangelyDiaz</ownerDesignName>
<engineerTo>
<item key="F7DFB0AA-4A2E-0BD7-8345-16ECE9A2BF9B" value="true"/>
</engineerTo>
<sourceTransferable>false</sourceTransferable>
<targetTransferable>false</targetTransferable>
<sourcePk>7844A08C-08AD-67C8-50A6-71CDA716DBC1</sourcePk>
<identifying>false</identifying>
<optionalSource>false</optionalSource>
<optionalTarget>false</optionalTarget>
<sourceCardinality>1</sourceCardinality>
<sourceEntity>DBDEF6B3-E46B-1E85-95F0-8CCD8BA2931F</sourceEntity>
<targetCardinalityString>*</targetCardinalityString>
<targetEntity>3872CBCC-FC8E-E02F-6CBD-1E4540A268A6</targetEntity>
<transferable>true</transferable>
<deleteRule>NO ACTION</deleteRule>
</Relation>