<?xml version = '1.0' encoding = 'UTF-8'?>
<Relation class="oracle.dbtools.crest.model.design.logical.Relation" name="Relation_7" directorySegmentName="seg_0" id="681ED471-A305-AFDF-943E-8DFF76609F00">
<createdBy>wdiazc</createdBy>
<createdTime>2025-09-01 19:41:00 UTC</createdTime>
<ownerDesignName>Exp1_S3_WilangelyDiaz</ownerDesignName>
<engineerTo>
<item key="F7DFB0AA-4A2E-0BD7-8345-16ECE9A2BF9B" value="true"/>
</engineerTo>
<sourceTransferable>false</sourceTransferable>
<targetTransferable>false</targetTransferable>
<sourcePk>21223568-5E46-0841-D7FD-AA853FB48CF7</sourcePk>
<identifying>false</identifying>
<optionalSource>false</optionalSource>
<optionalTarget>false</optionalTarget>
<sourceCardinality>1</sourceCardinality>
<sourceEntity>E6CCAA2B-529C-6E81-85D0-5CD2BBA90742</sourceEntity>
<targetCardinalityString>*</targetCardinalityString>
<targetEntity>53119E69-338B-7DB4-C55D-1266EEA927F7</targetEntity>
<transferable>true</transferable>
<deleteRule>NO ACTION</deleteRule>
</Relation>