<?xml version = '1.0' encoding = 'UTF-8'?>
<Relation class="oracle.dbtools.crest.model.design.logical.Relation" name="Relation_8" directorySegmentName="seg_0" id="6E9C8089-99F2-5533-3F89-01A098555A04">
<createdBy>wdiazc</createdBy>
<createdTime>2025-09-01 19:41:18 UTC</createdTime>
<ownerDesignName>Exp1_S3_WilangelyDiaz</ownerDesignName>
<engineerTo>
<item key="F7DFB0AA-4A2E-0BD7-8345-16ECE9A2BF9B" value="true"/>
</engineerTo>
<sourceTransferable>false</sourceTransferable>
<targetTransferable>false</targetTransferable>
<sourcePk>03925C02-1612-03BB-92C7-48FB9C361A8E</sourcePk>
<identifying>false</identifying>
<optionalSource>false</optionalSource>
<optionalTarget>false</optionalTarget>
<sourceCardinality>1</sourceCardinality>
<sourceEntity>1D27C1D7-95EA-503C-A81A-A2F980F43420</sourceEntity>
<targetCardinalityString>*</targetCardinalityString>
<targetEntity>53119E69-338B-7DB4-C55D-1266EEA927F7</targetEntity>
<transferable>true</transferable>
<deleteRule>NO ACTION</deleteRule>
</Relation>