<?xml version = '1.0' encoding = 'UTF-8'?>
<Relation class="oracle.dbtools.crest.model.design.logical.Relation" name="Relation_2" directorySegmentName="seg_0" id="98CDD88A-D9C6-FD07-30E1-7E97F88FD8FC">
<createdBy>wdiazc</createdBy>
<createdTime>2025-09-01 19:02:59 UTC</createdTime>
<ownerDesignName>Exp1_S3_WilangelyDiaz</ownerDesignName>
<engineerTo>
<item key="F7DFB0AA-4A2E-0BD7-8345-16ECE9A2BF9B" value="true"/>
</engineerTo>
<sourceTransferable>false</sourceTransferable>
<targetTransferable>false</targetTransferable>
<sourcePk>7844A08C-08AD-67C8-50A6-71CDA716DBC1</sourcePk>
<identifying>false</identifying>
<optionalSource>false</optionalSource>
<optionalTarget>false</optionalTarget>
<sourceCardinality>1</sourceCardinality>
<sourceEntity>DBDEF6B3-E46B-1E85-95F0-8CCD8BA2931F</sourceEntity>
<targetCardinalityString>*</targetCardinalityString>
<targetEntity>1D27C1D7-95EA-503C-A81A-A2F980F43420</targetEntity>
<transferable>true</transferable>
<deleteRule>NO ACTION</deleteRule>
</Relation>