<?xml version = '1.0' encoding = 'UTF-8'?>
<Relation class="oracle.dbtools.crest.model.design.logical.Relation" name="Relation_6" directorySegmentName="seg_0" id="B378D3CE-FAAD-D84E-7A8D-F64385F5268D">
<createdBy>wdiazc</createdBy>
<createdTime>2025-09-01 19:11:51 UTC</createdTime>
<ownerDesignName>Exp1_S3_WilangelyDiaz</ownerDesignName>
<engineerTo>
<item key="F7DFB0AA-4A2E-0BD7-8345-16ECE9A2BF9B" value="true"/>
</engineerTo>
<sourceTransferable>false</sourceTransferable>
<targetTransferable>false</targetTransferable>
<sourcePk>21223568-5E46-0841-D7FD-AA853FB48CF7</sourcePk>
<identifying>false</identifying>
<optionalSource>false</optionalSource>
<optionalTarget>false</optionalTarget>
<sourceCardinality>1</sourceCardinality>
<sourceEntity>E6CCAA2B-529C-6E81-85D0-5CD2BBA90742</sourceEntity>
<targetCardinalityString>*</targetCardinalityString>
<targetEntity>BC3DD9F0-8F42-3C16-8361-0632DC64867B</targetEntity>
<transferable>true</transferable>
<deleteRule>NO ACTION</deleteRule>
</Relation>