<?xml version = '1.0' encoding = 'UTF-8'?>
<Relation class="oracle.dbtools.crest.model.design.logical.Relation" name="Relation_5" directorySegmentName="seg_0" id="DDC4C7BF-1B0D-B11F-31B6-7FB3E4E34D29">
<createdBy>wdiazc</createdBy>
<createdTime>2025-09-01 19:11:13 UTC</createdTime>
<ownerDesignName>Exp1_S3_WilangelyDiaz</ownerDesignName>
<engineerTo>
<item key="F7DFB0AA-4A2E-0BD7-8345-16ECE9A2BF9B" value="true"/>
</engineerTo>
<sourceTransferable>false</sourceTransferable>
<targetTransferable>false</targetTransferable>
<sourcePk>DAC42CAD-4233-7C2E-D4F4-7FC45D16E1A6</sourcePk>
<identifying>false</identifying>
<optionalSource>false</optionalSource>
<optionalTarget>false</optionalTarget>
<sourceCardinality>1</sourceCardinality>
<sourceEntity>9FE2A890-3350-CE05-A31F-FD89EB828F75</sourceEntity>
<targetCardinalityString>*</targetCardinalityString>
<targetEntity>BC3DD9F0-8F42-3C16-8361-0632DC64867B</targetEntity>
<transferable>true</transferable>
<deleteRule>NO ACTION</deleteRule>
</Relation>