<?xml version = '1.0' encoding = 'UTF-8'?>
<Relation class="oracle.dbtools.crest.model.design.logical.Relation" name="Relation_10" directorySegmentName="seg_0" id="E34A774D-EF5B-0BB1-8347-B1B9FA787AA3">
<createdBy>wdiazc</createdBy>
<createdTime>2025-09-01 19:43:49 UTC</createdTime>
<ownerDesignName>Exp1_S3_WilangelyDiaz</ownerDesignName>
<engineerTo>
<item key="F7DFB0AA-4A2E-0BD7-8345-16ECE9A2BF9B" value="true"/>
</engineerTo>
<targetPk>1D6B1188-E68B-FA30-F059-CF0C97AB4F2A</targetPk>
<identifying>false</identifying>
<optionalSource>false</optionalSource>
<optionalTarget>false</optionalTarget>
<sourceCardinality>1</sourceCardinality>
<sourceEntity>4A5242CA-B786-623E-8733-7033238BE881</sourceEntity>
<targetCardinalityString>1</targetCardinalityString>
<targetEntity>4A5242CA-B786-623E-8733-7033238BE881</targetEntity>
<transferable>true</transferable>
<deleteRule>NO ACTION</deleteRule>
</Relation>