<?xml version = '1.0' encoding = 'UTF-8'?>
<relationalModel class="oracle.dbtools.crest.model.design.relational.RelationalDesign" name="Relational_1" id="F7DFB0AA-4A2E-0BD7-8345-16ECE9A2BF9B" mainViewID="4E88F346-4422-05A7-4F2A-75FC9057B222">
<createdBy>wdiazc</createdBy>
<createdTime>2025-09-01 02:25:15 UTC</createdTime>
<ownerDesignName>Exp1_S3_WilangelyDiaz</ownerDesignName>
<shouldBeOpen>false</shouldBeOpen>
<selectedRDBMSSite>32076570-2523-435C-2E92-BF29817DFF70</selectedRDBMSSite>
</relationalModel>