<?xml version = '1.0' encoding = 'UTF-8'?>
<Diagram class="oracle.dbtools.crest.swingui.logical.DPVLogical" name="Logical" id="00461D97-E6F8-5BCC-1F23-89286F8765B3">
<createdBy>wdiazc</createdBy>
<modifiedBy>wdiazc</modifiedBy>
<createdTime>2025-09-01 02:26:59 UTC</createdTime>
<autoRoute>false</autoRoute>
<boxInbox>true</boxInbox>
<showLegend>false</showLegend>
<showLabels>false</showLabels>
<showRelAttributes>false</showRelAttributes>
<gridEnabled>false</gridEnabled>
<showGrid>false</showGrid>
<diagramColor>-1</diagramColor>
<display>false</display>
<notation>1</notation>
<objectViews>
<OView class="oracle.dbtools.crest.swingui.logical.TVEntity" oid="1D27C1D7-95EA-503C-A81A-A2F980F43420" otype="Entity" vid="5D67ECD8-4A45-79CE-5173-9E137BD40FB1">
<hideElementsInCurrentOnly>false</hideElementsInCurrentOnly>
<bounds x="16" y="596" width="265" height="146"/>
</OView>
<OView class="oracle.dbtools.crest.swingui.logical.TVEntity" oid="3872CBCC-FC8E-E02F-6CBD-1E4540A268A6" otype="Entity" vid="B5D2B125-6AEE-87D8-CC7D-C88253C79AFA">
<hideElementsInCurrentOnly>false</hideElementsInCurrentOnly>
<bounds x="779" y="93" width="337" height="360"/>
</OView>
<OView class="oracle.dbtools.crest.swingui.logical.TVEntity" oid="465DA0C9-3E83-A9E0-1DCC-E53DAD9DD741" otype="Entity" vid="171009AE-BBEF-A0EE-3267-67B31738763D">
<hideElementsInCurrentOnly>false</hideElementsInCurrentOnly>
<bounds x="27" y="9" width="162" height="122"/>
</OView>
<OView class="oracle.dbtools.crest.swingui.logical.TVEntity" oid="4A5242CA-B786-623E-8733-7033238BE881" otype="Entity" vid="462937D6-2301-8965-7E27-BCECBDDAB05E">
<hideElementsInCurrentOnly>false</hideElementsInCurrentOnly>
<bounds x="903" y="285" width="175" height="125"/>
</OView>
<OView class="oracle.dbtools.crest.swingui.logical.TVEntity" oid="53119E69-338B-7DB4-C55D-1266EEA927F7" otype="Entity" vid="9D1FC739-8361-3E4C-EDE4-E0E03577214C">
<hideElementsInCurrentOnly>false</hideElementsInCurrentOnly>
<bounds x="399" y="562" width="219" height="127"/>
</OView>
<OView class="oracle.dbtools.crest.swingui.logical.TVEntity" oid="71BF2ECD-A4B6-B38C-22E7-590801F4CCA7" otype="Entity" vid="50907C8E-4EA0-808B-483E-A1BE1C547299">
<hideElementsInCurrentOnly>false</hideElementsInCurrentOnly>
<bounds x="909" y="187" width="184" height="86"/>
</OView>
<OView class="oracle.dbtools.crest.swingui.logical.TVEntity" oid="852B95A3-1A19-B491-2FB8-50B6752A4C28" otype="Entity" vid="AC30834D-4639-3709-611B-E97C673F1C0C">
<hideElementsInCurrentOnly>false</hideElementsInCurrentOnly>
<bounds x="295" y="393" width="141" height="45"/>
</OView>
<OView class="oracle.dbtools.crest.swingui.logical.TVEntity" oid="9FE2A890-3350-CE05-A31F-FD89EB828F75" otype="Entity" vid="5DD59356-2C24-9228-4551-86CEBC9A9C25">
<hideElementsInCurrentOnly>false</hideElementsInCurrentOnly>
<bounds x="482" y="33" width="225" height="113"/>
</OView>
<OView class="oracle.dbtools.crest.swingui.logical.TVEntity" oid="A19C8AE5-2C6C-62DE-7014-6EF6F43DDFB3" otype="Entity" vid="899E805E-9873-53A7-1B6F-76FDEBE91238">
<hideElementsInCurrentOnly>false</hideElementsInCurrentOnly>
<bounds x="308" y="355" width="123" height="29"/>
</OView>
<OView class="oracle.dbtools.crest.swingui.logical.TVEntity" oid="B82EECE3-7630-886D-7B6B-7E659192DC18" otype="Entity" vid="4BA6F6E6-566D-5D03-A685-55C288914CF0">
<hideElementsInCurrentOnly>false</hideElementsInCurrentOnly>
<bounds x="230" y="33" width="206" height="133"/>
</OView>
<OView class="oracle.dbtools.crest.swingui.logical.TVEntity" oid="BC3DD9F0-8F42-3C16-8361-0632DC64867B" otype="Entity" vid="A743B451-A444-A1FA-E66F-A6AE7E7642EF">
<hideElementsInCurrentOnly>false</hideElementsInCurrentOnly>
<bounds x="510" y="247" width="182" height="188"/>
</OView>
<OView class="oracle.dbtools.crest.swingui.logical.TVEntity" oid="DBDEF6B3-E46B-1E85-95F0-8CCD8BA2931F" otype="Entity" vid="0D92F521-EE9A-AB66-3B20-68F3DD74C507">
<hideElementsInCurrentOnly>false</hideElementsInCurrentOnly>
<bounds x="17" y="184" width="179" height="75"/>
</OView>
<OView class="oracle.dbtools.crest.swingui.logical.TVEntity" oid="E6CCAA2B-529C-6E81-85D0-5CD2BBA90742" otype="Entity" vid="1B93BE25-AAFA-B1C6-6E10-4B8BC96A630C">
<hideElementsInCurrentOnly>false</hideElementsInCurrentOnly>
<bounds x="219" y="251" width="229" height="208"/>
</OView>
</objectViews>
<connectors>
<Connector class="oracle.dbtools.crest.swingui.logical.TVRelation" oid="0046D36F-4D53-245B-C87A-62379C6D33A3" otype="Relation" vid_source="4BA6F6E6-566D-5D03-A685-55C288914CF0" vid_target="5DD59356-2C24-9228-4551-86CEBC9A9C25">
<hideElementsInCurrentOnly>false</hideElementsInCurrentOnly>
<backgroundColor>-16777216</backgroundColor>
<lineWidth>1</lineWidth>
<points>
<point x="436" y="89"/>
<point x="482" y="89"/>
</points>
</Connector>
<Connector class="oracle.dbtools.crest.swingui.logical.TVRelation" oid="34EFFBFA-BD82-5946-718F-B4B7AA3494C7" otype="Relation" vid_source="171009AE-BBEF-A0EE-3267-67B31738763D" vid_target="0D92F521-EE9A-AB66-3B20-68F3DD74C507">
<hideElementsInCurrentOnly>false</hideElementsInCurrentOnly>
<backgroundColor>-16777216</backgroundColor>
<lineWidth>1</lineWidth>
<points>
<point x="108" y="131"/>
<point x="108" y="184"/>
</points>
</Connector>
<Connector class="oracle.dbtools.crest.swingui.logical.TVRelation" oid="60E54273-B1C5-BD3F-DAA3-15F23F772321" otype="Relation" vid_source="0D92F521-EE9A-AB66-3B20-68F3DD74C507" vid_target="B5D2B125-6AEE-87D8-CC7D-C88253C79AFA">
<hideElementsInCurrentOnly>false</hideElementsInCurrentOnly>
<backgroundColor>-16777216</backgroundColor>
<lineWidth>1</lineWidth>
<points>
<point x="196" y="221"/>
<point x="779" y="221"/>
</points>
</Connector>
<Connector class="oracle.dbtools.crest.swingui.logical.TVRelation" oid="681ED471-A305-AFDF-943E-8DFF76609F00" otype="Relation" vid_source="1B93BE25-AAFA-B1C6-6E10-4B8BC96A630C" vid_target="9D1FC739-8361-3E4C-EDE4-E0E03577214C">
<hideElementsInCurrentOnly>false</hideElementsInCurrentOnly>
<backgroundColor>-16777216</backgroundColor>
<lineWidth>1</lineWidth>
<points>
<point x="423" y="459"/>
<point x="423" y="562"/>
</points>
</Connector>
<Connector class="oracle.dbtools.crest.swingui.logical.TVRelation" oid="6E9C8089-99F2-5533-3F89-01A098555A04" otype="Relation" vid_source="5D67ECD8-4A45-79CE-5173-9E137BD40FB1" vid_target="9D1FC739-8361-3E4C-EDE4-E0E03577214C">
<hideElementsInCurrentOnly>false</hideElementsInCurrentOnly>
<backgroundColor>-16777216</backgroundColor>
<lineWidth>1</lineWidth>
<points>
<point x="281" y="642"/>
<point x="399" y="642"/>
</points>
</Connector>
<Connector class="oracle.dbtools.crest.swingui.logical.TVInheritanceRelation" oid="7C6B93F3-F5CB-1181-92DE-161F7C2FBA27" otype="Hierarchy relation" vid_source="1B93BE25-AAFA-B1C6-6E10-4B8BC96A630C" vid_target="AC30834D-4639-3709-611B-E97C673F1C0C">
<hideElementsInCurrentOnly>false</hideElementsInCurrentOnly>
<backgroundColor>-65536</backgroundColor>
<lineWidth>1</lineWidth>
</Connector>
<Connector class="oracle.dbtools.crest.swingui.logical.TVInheritanceRelation" oid="9268F8DE-C9E6-E9B7-AF8E-6572F7CD3C2E" otype="Hierarchy relation" vid_source="1B93BE25-AAFA-B1C6-6E10-4B8BC96A630C" vid_target="899E805E-9873-53A7-1B6F-76FDEBE91238">
<hideElementsInCurrentOnly>false</hideElementsInCurrentOnly>
<backgroundColor>-65536</backgroundColor>
<lineWidth>1</lineWidth>
</Connector>
<Connector class="oracle.dbtools.crest.swingui.logical.TVRelation" oid="98CDD88A-D9C6-FD07-30E1-7E97F88FD8FC" otype="Relation" vid_source="0D92F521-EE9A-AB66-3B20-68F3DD74C507" vid_target="5D67ECD8-4A45-79CE-5173-9E137BD40FB1">
<hideElementsInCurrentOnly>false</hideElementsInCurrentOnly>
<backgroundColor>-16777216</backgroundColor>
<lineWidth>1</lineWidth>
<points>
<point x="106" y="259"/>
<point x="106" y="596"/>
</points>
</Connector>
<Connector class="oracle.dbtools.crest.swingui.logical.TVInheritanceRelation" oid="ADD64ADB-D9CE-C376-09C3-A445779813A0" otype="Hierarchy relation" vid_source="B5D2B125-6AEE-87D8-CC7D-C88253C79AFA" vid_target="462937D6-2301-8965-7E27-BCECBDDAB05E">
<hideElementsInCurrentOnly>false</hideElementsInCurrentOnly>
<backgroundColor>-65536</backgroundColor>
<lineWidth>1</lineWidth>
</Connector>
<Connector class="oracle.dbtools.crest.swingui.logical.TVRelation" oid="B378D3CE-FAAD-D84E-7A8D-F64385F5268D" otype="Relation" vid_source="1B93BE25-AAFA-B1C6-6E10-4B8BC96A630C" vid_target="A743B451-A444-A1FA-E66F-A6AE7E7642EF">
<hideElementsInCurrentOnly>false</hideElementsInCurrentOnly>
<backgroundColor>-16777216</backgroundColor>
<lineWidth>1</lineWidth>
<points>
<point x="448" y="343"/>
<point x="510" y="343"/>
</points>
</Connector>
<Connector class="oracle.dbtools.crest.swingui.logical.TVInheritanceRelation" oid="CD3765D5-DDAF-940F-D274-3CDAEC65DD16" otype="Hierarchy relation" vid_source="B5D2B125-6AEE-87D8-CC7D-C88253C79AFA" vid_target="50907C8E-4EA0-808B-483E-A1BE1C547299">
<hideElementsInCurrentOnly>false</hideElementsInCurrentOnly>
<backgroundColor>-65536</backgroundColor>
<lineWidth>1</lineWidth>
</Connector>
<Connector class="oracle.dbtools.crest.swingui.logical.TVRelation" oid="DDC4C7BF-1B0D-B11F-31B6-7FB3E4E34D29" otype="Relation" vid_source="5DD59356-2C24-9228-4551-86CEBC9A9C25" vid_target="A743B451-A444-A1FA-E66F-A6AE7E7642EF">
<hideElementsInCurrentOnly>false</hideElementsInCurrentOnly>
<backgroundColor>-16777216</backgroundColor>
<lineWidth>1</lineWidth>
<points>
<point x="601" y="146"/>
<point x="601" y="247"/>
</points>
</Connector>
<Connector class="oracle.dbtools.crest.swingui.logical.TVRelation" oid="E34A774D-EF5B-0BB1-8347-B1B9FA787AA3" otype="Relation" vid_source="462937D6-2301-8965-7E27-BCECBDDAB05E" vid_target="462937D6-2301-8965-7E27-BCECBDDAB05E">
<hideElementsInCurrentOnly>false</hideElementsInCurrentOnly>
<backgroundColor>-16777216</backgroundColor>
<lineWidth>1</lineWidth>
<points>
<point x="1078" y="312"/>
<point x="1098" y="312"/>
<point x="1099" y="429"/>
<point x="960" y="431"/>
<point x="960" y="410"/>
</points>
</Connector>
</connectors>
</Diagram>