<?xml version = '1.0' encoding = 'UTF-8'?>
<Entity class="oracle.dbtools.crest.model.design.logical.Entity" directorySegmentName="seg_0" id="3872CBCC-FC8E-E02F-6CBD-1E4540A268A6" name="Personal">
<createdBy>wdiazc</createdBy>
<createdTime>2025-09-01 02:45:26 UTC</createdTime>
<ownerDesignName>Exp1_S3_WilangelyDiaz</ownerDesignName>
<engineerTo>
<item key="F7DFB0AA-4A2E-0BD7-8345-16ECE9A2BF9B" value="true"/>
</engineerTo>
<adequatelyNormalized>NO</adequatelyNormalized>
<expectedVolumes>0</expectedVolumes>
<fwdEngineeringStrategyName>Single Table</fwdEngineeringStrategyName>
<growthPercent>0</growthPercent>
<growthType>Year</growthType>
<maxVolumes>9999999</maxVolumes>
<minVolumes>0</minVolumes>
<normalForm>Third</normalForm>
<attributes itemClass="oracle.dbtools.crest.model.design.logical.Attribute">
<Attribute name="RUT" id="34159892-824E-41A0-FFFC-550DE5384A9E">
<createdBy>wdiazc</createdBy>
<createdTime>2025-09-01 03:04:09 UTC</createdTime>
<ownerDesignName>Exp1_S3_WilangelyDiaz</ownerDesignName>
<engineerTo>
<item key="F7DFB0AA-4A2E-0BD7-8345-16ECE9A2BF9B" value="true"/>
</engineerTo>
<useDomainConstraints>false</useDomainConstraints>
<use>1</use>
<logicalDatatype>LOGDT024</logicalDatatype>
<dataTypeSize>12</dataTypeSize>
<ownDataTypeParameters>12,,</ownDataTypeParameters>
</Attribute>
<Attribute name="Nombre_Completo" id="CEB50596-D1B4-3266-851F-9D0F48EEAE70">
<createdBy>wdiazc</createdBy>
<createdTime>2025-09-01 03:04:21 UTC</createdTime>
<ownerDesignName>Exp1_S3_WilangelyDiaz</ownerDesignName>
<engineerTo>
<item key="F7DFB0AA-4A2E-0BD7-8345-16ECE9A2BF9B" value="true"/>
</engineerTo>
<useDomainConstraints>false</useDomainConstraints>
<use>1</use>
<logicalDatatype>LOGDT024</logicalDatatype>
<ownDataTypeParameters>,,</ownDataTypeParameters>
</Attribute>
<Attribute name="fecha_Ingreso" id="278BADCE-DE9F-07B8-4FDC-CDE3D48C1E83">
<createdBy>wdiazc</createdBy>
<createdTime>2025-09-01 03:04:37 UTC</createdTime>
<ownerDesignName>Exp1_S3_WilangelyDiaz</ownerDesignName>
<engineerTo>
<item key="F7DFB0AA-4A2E-0BD7-8345-16ECE9A2BF9B" value="true"/>
</engineerTo>
<useDomainConstraints>false</useDomainConstraints>
<use>1</use>
<logicalDatatype>LOGDT007</logicalDatatype>
<ownDataTypeParameters>,,</ownDataTypeParameters>
</Attribute>
<Attribute name="ID_residencia" id="217E8C04-C523-E33B-E32B-BF7FF75D42A0">
<createdBy>wdiazc</createdBy>
<createdTime>2025-09-01 20:41:52 UTC</createdTime>
<generatorID>60E54273-B1C5-BD3F-DAA3-15F23F772321</generatorID>
<ownerDesignName>Exp1_S3_WilangelyDiaz</ownerDesignName>
<engineerTo>
<item key="F7DFB0AA-4A2E-0BD7-8345-16ECE9A2BF9B" value="true"/>
</engineerTo>
<referedAttribute>F8300008-D9EA-A985-0A74-8603E33FE778</referedAttribute>
<useDomainConstraints>false</useDomainConstraints>
<use>1</use>
<logicalDatatype>LOGDT024</logicalDatatype>
<ownDataTypeParameters>,,</ownDataTypeParameters>
</Attribute>
</attributes>
<identifiers itemClass="oracle.dbtools.crest.model.design.logical.CandidateKey">
<identifier id="3D4462AB-CAAD-EA07-4219-A1CD888A9221" name="Personal PK">
<createdBy>wdiazc</createdBy>
<createdTime>2025-09-01 03:04:17 UTC</createdTime>
<ownerDesignName>Exp1_S3_WilangelyDiaz</ownerDesignName>
<engineerTo>
<item key="F7DFB0AA-4A2E-0BD7-8345-16ECE9A2BF9B" value="true"/>
</engineerTo>
<pk>true</pk>
<usedAttributes>
<attributeRef>34159892-824E-41A0-FFFC-550DE5384A9E</attributeRef>
</usedAttributes>
</identifier>
</identifiers>
</Entity>