<?xml version = '1.0' encoding = 'UTF-8'?>
<Entity class="oracle.dbtools.crest.model.design.logical.Entity" directorySegmentName="seg_0" id="465DA0C9-3E83-A9E0-1DCC-E53DAD9DD741" name="Sede">
<createdBy>wdiazc</createdBy>
<createdTime>2025-09-01 03:23:32 UTC</createdTime>
<ownerDesignName>Exp1_S3_WilangelyDiaz</ownerDesignName>
<engineerTo>
<item key="F7DFB0AA-4A2E-0BD7-8345-16ECE9A2BF9B" value="true"/>
</engineerTo>
<adequatelyNormalized>NO</adequatelyNormalized>
<expectedVolumes>0</expectedVolumes>
<fwdEngineeringStrategyName>Single Table</fwdEngineeringStrategyName>
<growthPercent>0</growthPercent>
<growthType>Year</growthType>
<maxVolumes>9999999</maxVolumes>
<minVolumes>0</minVolumes>
<normalForm>Third</normalForm>
<attributes itemClass="oracle.dbtools.crest.model.design.logical.Attribute">
<Attribute name="ID_sede" id="6FE50315-CAE6-10F5-066C-51420DC4AED7">
<createdBy>wdiazc</createdBy>
<createdTime>2025-09-01 03:23:44 UTC</createdTime>
<ownerDesignName>Exp1_S3_WilangelyDiaz</ownerDesignName>
<engineerTo>
<item key="F7DFB0AA-4A2E-0BD7-8345-16ECE9A2BF9B" value="true"/>
</engineerTo>
<useDomainConstraints>false</useDomainConstraints>
<use>1</use>
<logicalDatatype>LOGDT025</logicalDatatype>
<dataTypeSize>4</dataTypeSize>
<ownDataTypeParameters>4,,</ownDataTypeParameters>
</Attribute>
<Attribute name="Nombre" id="DED7FAC4-368F-4B75-F8C8-C9FD2FBCEC7B">
<createdBy>wdiazc</createdBy>
<createdTime>2025-09-01 03:24:02 UTC</createdTime>
<ownerDesignName>Exp1_S3_WilangelyDiaz</ownerDesignName>
<engineerTo>
<item key="F7DFB0AA-4A2E-0BD7-8345-16ECE9A2BF9B" value="true"/>
</engineerTo>
<useDomainConstraints>false</useDomainConstraints>
<use>1</use>
<logicalDatatype>LOGDT024</logicalDatatype>
<ownDataTypeParameters>,,</ownDataTypeParameters>
</Attribute>
<Attribute name="Comuna" id="1A68E6BC-32E2-4EE3-C3FF-5A241F4E1889">
<createdBy>wdiazc</createdBy>
<createdTime>2025-09-01 03:24:22 UTC</createdTime>
<ownerDesignName>Exp1_S3_WilangelyDiaz</ownerDesignName>
<engineerTo>
<item key="F7DFB0AA-4A2E-0BD7-8345-16ECE9A2BF9B" value="true"/>
</engineerTo>
<nullsAllowed>true</nullsAllowed>
<useDomainConstraints>false</useDomainConstraints>
<use>1</use>
<logicalDatatype>LOGDT024</logicalDatatype>
<ownDataTypeParameters>,,</ownDataTypeParameters>
</Attribute>
</attributes>
<identifiers itemClass="oracle.dbtools.crest.model.design.logical.CandidateKey">
<identifier id="49CE0D4C-142B-E5E3-6A0B-6034B9DB42C4" name="Sede PK">
<createdBy>wdiazc</createdBy>
<createdTime>2025-09-01 03:23:58 UTC</createdTime>
<ownerDesignName>Exp1_S3_WilangelyDiaz</ownerDesignName>
<engineerTo>
<item key="F7DFB0AA-4A2E-0BD7-8345-16ECE9A2BF9B" value="true"/>
</engineerTo>
<pk>true</pk>
<usedAttributes>
<attributeRef>6FE50315-CAE6-10F5-066C-51420DC4AED7</attributeRef>
</usedAttributes>
</identifier>
</identifiers>
</Entity>