<?xml version = '1.0' encoding = 'UTF-8'?>
<Entity class="oracle.dbtools.crest.model.design.logical.Entity" directorySegmentName="seg_0" id="71BF2ECD-A4B6-B38C-22E7-590801F4CCA7" name="Cuidador">
<createdBy>wdiazc</createdBy>
<createdTime>2025-09-01 03:06:29 UTC</createdTime>
<ownerDesignName>Exp1_S3_WilangelyDiaz</ownerDesignName>
<engineerTo>
<item key="F7DFB0AA-4A2E-0BD7-8345-16ECE9A2BF9B" value="true"/>
</engineerTo>
<adequatelyNormalized>NO</adequatelyNormalized>
<expectedVolumes>0</expectedVolumes>
<fwdEngineeringStrategyName>Single Table</fwdEngineeringStrategyName>
<growthPercent>0</growthPercent>
<growthType>Year</growthType>
<hierarchicalParent>3872CBCC-FC8E-E02F-6CBD-1E4540A268A6</hierarchicalParent>
<maxVolumes>9999999</maxVolumes>
<minVolumes>0</minVolumes>
<normalForm>Third</normalForm>
<attributes itemClass="oracle.dbtools.crest.model.design.logical.Attribute">
<Attribute name="ID_personal" id="4686AAFD-8A7D-60B8-4DA7-A54BA93D9CAA">
<createdBy>wdiazc</createdBy>
<createdTime>2025-09-01 03:19:30 UTC</createdTime>
<ownerDesignName>Exp1_S3_WilangelyDiaz</ownerDesignName>
<engineerTo>
<item key="F7DFB0AA-4A2E-0BD7-8345-16ECE9A2BF9B" value="true"/>
</engineerTo>
<useDomainConstraints>false</useDomainConstraints>
<use>1</use>
<logicalDatatype>LOGDT025</logicalDatatype>
<dataTypeSize>4</dataTypeSize>
<ownDataTypeParameters>4,,</ownDataTypeParameters>
</Attribute>
</attributes>
<identifiers itemClass="oracle.dbtools.crest.model.design.logical.CandidateKey">
<identifier id="B524B71B-48ED-AE1F-712B-1687E26EE04A" name="Cuidador PK">
<createdBy>wdiazc</createdBy>
<createdTime>2025-09-01 03:19:39 UTC</createdTime>
<ownerDesignName>Exp1_S3_WilangelyDiaz</ownerDesignName>
<engineerTo>
<item key="F7DFB0AA-4A2E-0BD7-8345-16ECE9A2BF9B" value="true"/>
</engineerTo>
<pk>true</pk>
<usedAttributes>
<attributeRef>4686AAFD-8A7D-60B8-4DA7-A54BA93D9CAA</attributeRef>
</usedAttributes>
</identifier>
</identifiers>
</Entity>