<?xml version = '1.0' encoding = 'UTF-8'?>
<Entity class="oracle.dbtools.crest.model.design.logical.Entity" directorySegmentName="seg_0" id="BC3DD9F0-8F42-3C16-8361-0632DC64867B" name="Anexo">
<createdBy>wdiazc</createdBy>
<createdTime>2025-09-01 03:39:34 UTC</createdTime>
<ownerDesignName>Exp1_S3_WilangelyDiaz</ownerDesignName>
<engineerTo>
<item key="F7DFB0AA-4A2E-0BD7-8345-16ECE9A2BF9B" value="true"/>
</engineerTo>
<adequatelyNormalized>NO</adequatelyNormalized>
<expectedVolumes>0</expectedVolumes>
<fwdEngineeringStrategyName>Single Table</fwdEngineeringStrategyName>
<growthPercent>0</growthPercent>
<growthType>Year</growthType>
<maxVolumes>9999999</maxVolumes>
<minVolumes>0</minVolumes>
<normalForm>Third</normalForm>
<attributes itemClass="oracle.dbtools.crest.model.design.logical.Attribute">
<Attribute name="ID_anexo" id="C571245A-7C59-580A-AFEE-9E09A045F1E7">
<createdBy>wdiazc</createdBy>
<createdTime>2025-09-01 03:39:41 UTC</createdTime>
<ownerDesignName>Exp1_S3_WilangelyDiaz</ownerDesignName>
<engineerTo>
<item key="F7DFB0AA-4A2E-0BD7-8345-16ECE9A2BF9B" value="true"/>
</engineerTo>
<useDomainConstraints>false</useDomainConstraints>
<use>1</use>
<logicalDatatype>LOGDT024</logicalDatatype>
<ownDataTypeParameters>,,</ownDataTypeParameters>
</Attribute>
<Attribute name="fecha_inicio" id="83A6BA36-C7B8-AE7F-B564-A97687B7EBFB">
<createdBy>wdiazc</createdBy>
<createdTime>2025-09-01 03:39:54 UTC</createdTime>
<ownerDesignName>Exp1_S3_WilangelyDiaz</ownerDesignName>
<engineerTo>
<item key="F7DFB0AA-4A2E-0BD7-8345-16ECE9A2BF9B" value="true"/>
</engineerTo>
<useDomainConstraints>false</useDomainConstraints>
<use>1</use>
<logicalDatatype>LOGDT007</logicalDatatype>
<ownDataTypeParameters>,,</ownDataTypeParameters>
</Attribute>
<Attribute name="fecha_termino" id="DF6DC6B1-AAF4-B8D3-888F-0F8066CC4469">
<createdBy>wdiazc</createdBy>
<createdTime>2025-09-01 03:40:47 UTC</createdTime>
<ownerDesignName>Exp1_S3_WilangelyDiaz</ownerDesignName>
<engineerTo>
<item key="F7DFB0AA-4A2E-0BD7-8345-16ECE9A2BF9B" value="true"/>
</engineerTo>
<nullsAllowed>true</nullsAllowed>
<useDomainConstraints>false</useDomainConstraints>
<use>1</use>
<logicalDatatype>LOGDT007</logicalDatatype>
<ownDataTypeParameters>,,</ownDataTypeParameters>
</Attribute>
<Attribute name="estado" id="38BC0310-20EF-A640-8B01-B1651B44D4B7">
<createdBy>wdiazc</createdBy>
<createdTime>2025-09-01 03:41:05 UTC</createdTime>
<ownerDesignName>Exp1_S3_WilangelyDiaz</ownerDesignName>
<engineerTo>
<item key="F7DFB0AA-4A2E-0BD7-8345-16ECE9A2BF9B" value="true"/>
</engineerTo>
<useDomainConstraints>false</useDomainConstraints>
<use>1</use>
<logicalDatatype>LOGDT024</logicalDatatype>
<ownDataTypeParameters>,,</ownDataTypeParameters>
</Attribute>
<Attribute name="observaciones" id="DD9AAD4D-F3DE-D427-4A04-F6E55C0BA5FC">
<createdBy>wdiazc</createdBy>
<createdTime>2025-09-01 03:41:30 UTC</createdTime>
<ownerDesignName>Exp1_S3_WilangelyDiaz</ownerDesignName>
<engineerTo>
<item key="F7DFB0AA-4A2E-0BD7-8345-16ECE9A2BF9B" value="true"/>
</engineerTo>
<nullsAllowed>true</nullsAllowed>
<useDomainConstraints>false</useDomainConstraints>
<use>1</use>
<logicalDatatype>LOGDT024</logicalDatatype>
<ownDataTypeParameters>,,</ownDataTypeParameters>
</Attribute>
<Attribute name="ID_contrato" id="417E5422-17DB-8154-94CA-2EE69BC73C2E">
<createdBy>wdiazc</createdBy>
<createdTime>2025-09-01 19:11:13 UTC</createdTime>
<generatorID>DDC4C7BF-1B0D-B11F-31B6-7FB3E4E34D29</generatorID>
<ownerDesignName>Exp1_S3_WilangelyDiaz</ownerDesignName>
<engineerTo>
<item key="F7DFB0AA-4A2E-0BD7-8345-16ECE9A2BF9B" value="true"/>
</engineerTo>
<referedAttribute>B750D60B-C05B-06F7-275D-A9C25AA8F611</referedAttribute>
<useDomainConstraints>false</useDomainConstraints>
<use>1</use>
<logicalDatatype>LOGDT024</logicalDatatype>
<ownDataTypeParameters>,,</ownDataTypeParameters>
</Attribute>
<Attribute name="ID_residente" id="A7BDF633-926D-D15E-088C-A1A20E50B7FD">
<createdBy>wdiazc</createdBy>
<createdTime>2025-09-01 19:11:51 UTC</createdTime>
<generatorID>B378D3CE-FAAD-D84E-7A8D-F64385F5268D</generatorID>
<ownerDesignName>Exp1_S3_WilangelyDiaz</ownerDesignName>
<engineerTo>
<item key="F7DFB0AA-4A2E-0BD7-8345-16ECE9A2BF9B" value="true"/>
</engineerTo>
<referedAttribute>C7AD7C58-766C-7E60-3883-361B1D2EAAA5</referedAttribute>
<useDomainConstraints>false</useDomainConstraints>
<use>1</use>
<logicalDatatype>LOGDT024</logicalDatatype>
<ownDataTypeParameters>,,</ownDataTypeParameters>
</Attribute>
</attributes>
<identifiers itemClass="oracle.dbtools.crest.model.design.logical.CandidateKey">
<identifier id="4D8B4498-702F-FDD6-1580-D18468EE3575" name="Anexo PK">
<createdBy>wdiazc</createdBy>
<createdTime>2025-09-01 03:39:52 UTC</createdTime>
<ownerDesignName>Exp1_S3_WilangelyDiaz</ownerDesignName>
<engineerTo>
<item key="F7DFB0AA-4A2E-0BD7-8345-16ECE9A2BF9B" value="true"/>
</engineerTo>
<pk>true</pk>
<usedAttributes>
<attributeRef>C571245A-7C59-580A-AFEE-9E09A045F1E7</attributeRef>
</usedAttributes>
</identifier>
</identifiers>
</Entity>