<?xml version = '1.0' encoding = 'UTF-8'?>
<Entity class="oracle.dbtools.crest.model.design.logical.Entity" directorySegmentName="seg_0" id="DBDEF6B3-E46B-1E85-95F0-8CCD8BA2931F" name="Residencia">
<createdBy>wdiazc</createdBy>
<createdTime>2025-09-01 03:24:47 UTC</createdTime>
<ownerDesignName>Exp1_S3_WilangelyDiaz</ownerDesignName>
<engineerTo>
<item key="F7DFB0AA-4A2E-0BD7-8345-16ECE9A2BF9B" value="true"/>
</engineerTo>
<adequatelyNormalized>NO</adequatelyNormalized>
<expectedVolumes>0</expectedVolumes>
<fwdEngineeringStrategyName>Single Table</fwdEngineeringStrategyName>
<growthPercent>0</growthPercent>
<growthType>Year</growthType>
<maxVolumes>9999999</maxVolumes>
<minVolumes>0</minVolumes>
<normalForm>Third</normalForm>
<attributes itemClass="oracle.dbtools.crest.model.design.logical.Attribute">
<Attribute name="ID_residencia" id="F8300008-D9EA-A985-0A74-8603E33FE778">
<createdBy>wdiazc</createdBy>
<createdTime>2025-09-01 03:24:57 UTC</createdTime>
<ownerDesignName>Exp1_S3_WilangelyDiaz</ownerDesignName>
<engineerTo>
<item key="F7DFB0AA-4A2E-0BD7-8345-16ECE9A2BF9B" value="true"/>
</engineerTo>
<useDomainConstraints>false</useDomainConstraints>
<use>1</use>
<logicalDatatype>LOGDT024</logicalDatatype>
<ownDataTypeParameters>,,</ownDataTypeParameters>
</Attribute>
<Attribute name="ID_sede" id="4877A6AC-74DE-8A66-3BF5-02CFF8381CBB">
<createdBy>wdiazc</createdBy>
<createdTime>2025-09-01 19:01:39 UTC</createdTime>
<generatorID>34EFFBFA-BD82-5946-718F-B4B7AA3494C7</generatorID>
<ownerDesignName>Exp1_S3_WilangelyDiaz</ownerDesignName>
<engineerTo>
<item key="F7DFB0AA-4A2E-0BD7-8345-16ECE9A2BF9B" value="true"/>
</engineerTo>
<referedAttribute>6FE50315-CAE6-10F5-066C-51420DC4AED7</referedAttribute>
<useDomainConstraints>false</useDomainConstraints>
<use>1</use>
<logicalDatatype>LOGDT025</logicalDatatype>
<dataTypeSize>4</dataTypeSize>
<ownDataTypeParameters>,,</ownDataTypeParameters>
</Attribute>
</attributes>
<identifiers itemClass="oracle.dbtools.crest.model.design.logical.CandidateKey">
<identifier id="7844A08C-08AD-67C8-50A6-71CDA716DBC1" name="Residencia PK">
<createdBy>wdiazc</createdBy>
<createdTime>2025-09-01 20:41:50 UTC</createdTime>
<ownerDesignName>Exp1_S3_WilangelyDiaz</ownerDesignName>
<engineerTo>
<item key="F7DFB0AA-4A2E-0BD7-8345-16ECE9A2BF9B" value="true"/>
</engineerTo>
<pk>true</pk>
<usedAttributes>
<attributeRef>F8300008-D9EA-A985-0A74-8603E33FE778</attributeRef>
</usedAttributes>
</identifier>
</identifiers>
</Entity>