<?xml version = '1.0' encoding = 'UTF-8'?>
<Relation class="oracle.dbtools.crest.model.design.logical.InheritanceRelation" name="Hierarchy_4" directorySegmentName="seg_0" id="7C6B93F3-F5CB-1181-92DE-161F7C2FBA27">
<createdBy>wdiazc</createdBy>
<createdTime>2025-09-01 19:45:13 UTC</createdTime>
<ownerDesignName>Exp1_S3_WilangelyDiaz</ownerDesignName>
<engineerTo>
<item key="F7DFB0AA-4A2E-0BD7-8345-16ECE9A2BF9B" value="true"/>
</engineerTo>
<identifying>false</identifying>
<nameOnSource>Super Type</nameOnSource>
<nameOnTarget>Sub Type</nameOnTarget>
<optionalSource>true</optionalSource>
<optionalTarget>true</optionalTarget>
<sourceEntity>E6CCAA2B-529C-6E81-85D0-5CD2BBA90742</sourceEntity>
<targetEntity>852B95A3-1A19-B491-2FB8-50B6752A4C28</targetEntity>
<transferable>true</transferable>
<deleteRule>NO ACTION</deleteRule>
</Relation>